ogbn-products,dgl-1,0,1.3560,0.0114
ogbn-products,dgl-1,1,1.5005,0.0181
ogbn-products,dgl-1,2,1.6455,0.0307
ogbn-products,dgl-1,3,1.7903,0.0463
ogbn-products,dgl-1,4,1.9349,0.0655
ogbn-products,dgl-1,5,2.0800,0.0899
ogbn-products,dgl-1,6,2.2248,0.1207
ogbn-products,dgl-1,7,2.3696,0.1570
ogbn-products,dgl-1,8,2.5142,0.1967
ogbn-products,dgl-1,9,2.6590,0.2361
ogbn-products,dgl-1,10,2.8038,0.2727
ogbn-products,dgl-1,11,2.9493,0.3048
ogbn-products,dgl-1,12,3.0949,0.3318
ogbn-products,dgl-1,13,3.2403,0.3545
ogbn-products,dgl-1,14,3.3860,0.3740
ogbn-products,dgl-1,15,3.5314,0.3906
ogbn-products,dgl-1,16,3.6769,0.4052
ogbn-products,dgl-1,17,3.8224,0.4178
ogbn-products,dgl-1,18,3.9677,0.4289
ogbn-products,dgl-1,19,4.1131,0.4384
ogbn-products,dgl-1,20,4.2587,0.4466
ogbn-products,dgl-1,21,4.4042,0.4537
ogbn-products,dgl-1,22,4.5496,0.4599
ogbn-products,dgl-1,23,4.6952,0.4655
ogbn-products,dgl-1,24,4.8408,0.4705
ogbn-products,dgl-1,25,4.9864,0.4751
ogbn-products,dgl-1,26,5.1319,0.4793
ogbn-products,dgl-1,27,5.2778,0.4832
ogbn-products,dgl-1,28,5.4234,0.4867
ogbn-products,dgl-1,29,5.5688,0.4898
ogbn-products,dgl-1,30,5.7143,0.4929
ogbn-products,dgl-1,31,5.8599,0.4958
ogbn-products,dgl-1,32,6.0054,0.4987
ogbn-products,dgl-1,33,6.1510,0.5014
ogbn-products,dgl-1,34,6.2965,0.5042
ogbn-products,dgl-1,35,6.4425,0.5070
ogbn-products,dgl-1,36,6.5879,0.5097
ogbn-products,dgl-1,37,6.7331,0.5126
ogbn-products,dgl-1,38,6.8784,0.5155
ogbn-products,dgl-1,39,7.0243,0.5184
ogbn-products,dgl-1,40,7.1700,0.5213
ogbn-products,dgl-1,41,7.3158,0.5242
ogbn-products,dgl-1,42,7.4618,0.5273
ogbn-products,dgl-1,43,7.6070,0.5303
ogbn-products,dgl-1,44,7.7531,0.5334
ogbn-products,dgl-1,45,7.8987,0.5364
ogbn-products,dgl-1,46,8.0442,0.5396
ogbn-products,dgl-1,47,8.1902,0.5427
ogbn-products,dgl-1,48,8.3357,0.5458
ogbn-products,dgl-1,49,8.4813,0.5489
ogbn-products,dgl-1,50,8.6267,0.5521
ogbn-products,dgl-1,51,8.7720,0.5551
ogbn-products,dgl-1,52,8.9179,0.5582
ogbn-products,dgl-1,53,9.0636,0.5613
ogbn-products,dgl-1,54,9.2091,0.5643
ogbn-products,dgl-1,55,9.3550,0.5672
ogbn-products,dgl-1,56,9.5006,0.5701
ogbn-products,dgl-1,57,9.6467,0.5730
ogbn-products,dgl-1,58,9.7927,0.5758
ogbn-products,dgl-1,59,9.9384,0.5785
ogbn-products,dgl-1,60,10.0837,0.5811
ogbn-products,dgl-1,61,10.2297,0.5837
ogbn-products,dgl-1,62,10.3752,0.5862
ogbn-products,dgl-1,63,10.5203,0.5886
ogbn-products,dgl-1,64,10.6659,0.5911
ogbn-products,dgl-1,65,10.8114,0.5935
ogbn-products,dgl-1,66,10.9571,0.5958
ogbn-products,dgl-1,67,11.1027,0.5981
ogbn-products,dgl-1,68,11.2485,0.6003
ogbn-products,dgl-1,69,11.3940,0.6025
ogbn-products,dgl-1,70,11.5401,0.6044
ogbn-products,dgl-1,71,11.6854,0.6063
ogbn-products,dgl-1,72,11.8313,0.6081
ogbn-products,dgl-1,73,11.9768,0.6098
ogbn-products,dgl-1,74,12.1226,0.6115
ogbn-products,dgl-1,75,12.2681,0.6131
ogbn-products,dgl-1,76,12.4137,0.6147
ogbn-products,dgl-1,77,12.5593,0.6162
ogbn-products,dgl-1,78,12.7047,0.6178
ogbn-products,dgl-1,79,12.8501,0.6193
ogbn-products,dgl-1,80,12.9957,0.6208
ogbn-products,dgl-1,81,13.1403,0.6223
ogbn-products,dgl-1,82,13.2858,0.6237
ogbn-products,dgl-1,83,13.4304,0.6252
ogbn-products,dgl-1,84,13.5764,0.6265
ogbn-products,dgl-1,85,13.7220,0.6279
ogbn-products,dgl-1,86,13.8670,0.6293
ogbn-products,dgl-1,87,14.0129,0.6306
ogbn-products,dgl-1,88,14.1584,0.6319
ogbn-products,dgl-1,89,14.3031,0.6332
ogbn-products,dgl-1,90,14.4490,0.6345
ogbn-products,dgl-1,91,14.5942,0.6358
ogbn-products,dgl-1,92,14.7402,0.6371
ogbn-products,dgl-1,93,14.8858,0.6383
ogbn-products,dgl-1,94,15.0310,0.6396
ogbn-products,dgl-1,95,15.1764,0.6408
ogbn-products,dgl-1,96,15.3219,0.6420
ogbn-products,dgl-1,97,15.4674,0.6432
ogbn-products,dgl-1,98,15.6131,0.6443
ogbn-products,dgl-1,99,15.7585,0.6454
ogbn-products,dgl-1,100,15.9041,0.6465
ogbn-products,dgl-1,101,16.0497,0.6475
ogbn-products,dgl-1,102,16.1943,0.6484
ogbn-products,dgl-1,103,16.3403,0.6494
ogbn-products,dgl-1,104,16.4863,0.6502
ogbn-products,dgl-1,105,16.6321,0.6511
ogbn-products,dgl-1,106,16.7769,0.6520
ogbn-products,dgl-1,107,16.9224,0.6529
ogbn-products,dgl-1,108,17.0682,0.6537
ogbn-products,dgl-1,109,17.2136,0.6545
ogbn-products,dgl-1,110,17.3584,0.6553
ogbn-products,dgl-1,111,17.5037,0.6561
ogbn-products,dgl-1,112,17.6491,0.6569
ogbn-products,dgl-1,113,17.7945,0.6577
ogbn-products,dgl-1,114,17.9400,0.6585
ogbn-products,dgl-1,115,18.0850,0.6592
ogbn-products,dgl-1,116,18.2301,0.6600
ogbn-products,dgl-1,117,18.3756,0.6608
ogbn-products,dgl-1,118,18.5210,0.6616
ogbn-products,dgl-1,119,18.6657,0.6624
ogbn-products,dgl-1,120,18.8106,0.6632
ogbn-products,dgl-1,121,18.9559,0.6640
ogbn-products,dgl-1,122,19.1015,0.6647
ogbn-products,dgl-1,123,19.2472,0.6654
ogbn-products,dgl-1,124,19.3929,0.6662
ogbn-products,dgl-1,125,19.5383,0.6668
ogbn-products,dgl-1,126,19.6844,0.6675
ogbn-products,dgl-1,127,19.8299,0.6682
ogbn-products,dgl-1,128,19.9753,0.6688
ogbn-products,dgl-1,129,20.1209,0.6694
ogbn-products,dgl-1,130,20.2667,0.6701
ogbn-products,dgl-1,131,20.4122,0.6707
ogbn-products,dgl-1,132,20.5578,0.6712
ogbn-products,dgl-1,133,20.7030,0.6718
ogbn-products,dgl-1,134,20.8486,0.6724
ogbn-products,dgl-1,135,20.9943,0.6729
ogbn-products,dgl-1,136,21.1401,0.6734
ogbn-products,dgl-1,137,21.2859,0.6739
ogbn-products,dgl-1,138,21.4315,0.6744
ogbn-products,dgl-1,139,21.5763,0.6749
ogbn-products,dgl-1,140,21.7219,0.6754
ogbn-products,dgl-1,141,21.8675,0.6758
ogbn-products,dgl-1,142,22.0129,0.6763
ogbn-products,dgl-1,143,22.1586,0.6767
ogbn-products,dgl-1,144,22.3040,0.6771
ogbn-products,dgl-1,145,22.4495,0.6776
ogbn-products,dgl-1,146,22.5947,0.6780
ogbn-products,dgl-1,147,22.7399,0.6786
ogbn-products,dgl-1,148,22.8855,0.6790
ogbn-products,dgl-1,149,23.0312,0.6794
ogbn-products,dgl-1,150,23.1764,0.6799
ogbn-products,dgl-1,151,23.3217,0.6803
ogbn-products,dgl-1,152,23.4673,0.6807
ogbn-products,dgl-1,153,23.6133,0.6812
ogbn-products,dgl-1,154,23.7591,0.6815
ogbn-products,dgl-1,155,23.9045,0.6819
ogbn-products,dgl-1,156,24.0501,0.6823
ogbn-products,dgl-1,157,24.1952,0.6827
ogbn-products,dgl-1,158,24.3410,0.6831
ogbn-products,dgl-1,159,24.4868,0.6834
ogbn-products,dgl-1,160,24.6328,0.6838
ogbn-products,dgl-1,161,24.7785,0.6842
ogbn-products,dgl-1,162,24.9242,0.6846
ogbn-products,dgl-1,163,25.0694,0.6849
ogbn-products,dgl-1,164,25.2160,0.6853
ogbn-products,dgl-1,165,25.3615,0.6856
ogbn-products,dgl-1,166,25.5069,0.6860
ogbn-products,dgl-1,167,25.6515,0.6863
ogbn-products,dgl-1,168,25.7969,0.6866
ogbn-products,dgl-1,169,25.9424,0.6869
ogbn-products,dgl-1,170,26.0881,0.6873
ogbn-products,dgl-1,171,26.2336,0.6876
ogbn-products,dgl-1,172,26.3795,0.6879
ogbn-products,dgl-1,173,26.5255,0.6882
ogbn-products,dgl-1,174,26.6709,0.6886
ogbn-products,dgl-1,175,26.8165,0.6888
ogbn-products,dgl-1,176,26.9621,0.6891
ogbn-products,dgl-1,177,27.1076,0.6894
ogbn-products,dgl-1,178,27.2536,0.6897
ogbn-products,dgl-1,179,27.3994,0.6900
ogbn-products,dgl-1,180,27.5455,0.6903
ogbn-products,dgl-1,181,27.6910,0.6906
ogbn-products,dgl-1,182,27.8370,0.6909
ogbn-products,dgl-1,183,27.9826,0.6912
ogbn-products,dgl-1,184,28.1286,0.6914
ogbn-products,dgl-1,185,28.2744,0.6917
ogbn-products,dgl-1,186,28.4191,0.6920
ogbn-products,dgl-1,187,28.5644,0.6922
ogbn-products,dgl-1,188,28.7092,0.6925
ogbn-products,dgl-1,189,28.8547,0.6927
ogbn-products,dgl-1,190,29.0008,0.6930
ogbn-products,dgl-1,191,29.1462,0.6932
ogbn-products,dgl-1,192,29.2909,0.6935
ogbn-products,dgl-1,193,29.4368,0.6937
ogbn-products,dgl-1,194,29.5830,0.6939
ogbn-products,dgl-1,195,29.7286,0.6942
ogbn-products,dgl-1,196,29.8746,0.6944
ogbn-products,dgl-1,197,30.0201,0.6946
ogbn-products,dgl-1,198,30.1659,0.6949
ogbn-products,dgl-1,199,30.3115,0.6951
ogbn-products,dgl-1,200,30.4567,0.6953
ogbn-products,dgl-1,201,30.6023,0.6956
ogbn-products,dgl-1,202,30.7469,0.6958
ogbn-products,dgl-1,203,30.8925,0.6960
ogbn-products,dgl-1,204,31.0381,0.6962
ogbn-products,dgl-1,205,31.1836,0.6965
ogbn-products,dgl-1,206,31.3291,0.6967
ogbn-products,dgl-1,207,31.4751,0.6969
ogbn-products,dgl-1,208,31.6207,0.6971
ogbn-products,dgl-1,209,31.7668,0.6974
ogbn-products,dgl-1,210,31.9125,0.6976
ogbn-products,dgl-1,211,32.0581,0.6978
ogbn-products,dgl-1,212,32.2042,0.6980
ogbn-products,dgl-1,213,32.3499,0.6982
ogbn-products,dgl-1,214,32.4953,0.6984
ogbn-products,dgl-1,215,32.6408,0.6986
ogbn-products,dgl-1,216,32.7868,0.6988
ogbn-products,dgl-1,217,32.9326,0.6989
ogbn-products,dgl-1,218,33.0786,0.6991
ogbn-products,dgl-1,219,33.2239,0.6993
ogbn-products,dgl-1,220,33.3694,0.6995
ogbn-products,dgl-1,221,33.5154,0.6997
ogbn-products,dgl-1,222,33.6611,0.6999
ogbn-products,dgl-1,223,33.8066,0.7001
ogbn-products,dgl-1,224,33.9519,0.7003
ogbn-products,dgl-1,225,34.0972,0.7005
ogbn-products,dgl-1,226,34.2426,0.7007
ogbn-products,dgl-1,227,34.3881,0.7009
ogbn-products,dgl-1,228,34.5336,0.7011
ogbn-products,dgl-1,229,34.6791,0.7013
ogbn-products,dgl-1,230,34.8244,0.7015
ogbn-products,dgl-1,231,34.9702,0.7016
ogbn-products,dgl-1,232,35.1154,0.7018
ogbn-products,dgl-1,233,35.2609,0.7020
ogbn-products,dgl-1,234,35.4065,0.7022
ogbn-products,dgl-1,235,35.5527,0.7023
ogbn-products,dgl-1,236,35.6983,0.7025
ogbn-products,dgl-1,237,35.8433,0.7026
ogbn-products,dgl-1,238,35.9880,0.7028
ogbn-products,dgl-1,239,36.1333,0.7030
ogbn-products,dgl-1,240,36.2787,0.7031
ogbn-products,dgl-1,241,36.4242,0.7033
ogbn-products,dgl-1,242,36.5697,0.7034
ogbn-products,dgl-1,243,36.7154,0.7036
ogbn-products,dgl-1,244,36.8606,0.7037
ogbn-products,dgl-1,245,37.0066,0.7039
ogbn-products,dgl-1,246,37.1520,0.7040
ogbn-products,dgl-1,247,37.2975,0.7041
ogbn-products,dgl-1,248,37.4434,0.7043
ogbn-products,dgl-1,249,37.5890,0.7044
ogbn-products,dgl-1,250,37.7339,0.7046
ogbn-products,dgl-1,251,37.8796,0.7047
ogbn-products,dgl-1,252,38.0251,0.7049
ogbn-products,dgl-1,253,38.1709,0.7050
ogbn-products,dgl-1,254,38.3171,0.7051
ogbn-products,dgl-1,255,38.4626,0.7053
ogbn-products,dgl-1,256,38.6083,0.7054
ogbn-products,dgl-1,257,38.7538,0.7056
ogbn-products,dgl-1,258,38.8990,0.7057
ogbn-products,dgl-1,259,39.0444,0.7058
ogbn-products,dgl-1,260,39.1909,0.7059
ogbn-products,dgl-1,261,39.3363,0.7061
ogbn-products,dgl-1,262,39.4817,0.7062
ogbn-products,dgl-1,263,39.6276,0.7063
ogbn-products,dgl-1,264,39.7735,0.7064
ogbn-products,dgl-1,265,39.9191,0.7066
ogbn-products,dgl-1,266,40.0637,0.7067
ogbn-products,dgl-1,267,40.2092,0.7068
ogbn-products,dgl-1,268,40.3551,0.7069
ogbn-products,dgl-1,269,40.5003,0.7070
ogbn-products,dgl-1,270,40.6455,0.7071
ogbn-products,dgl-1,271,40.7907,0.7072
ogbn-products,dgl-1,272,40.9367,0.7074
ogbn-products,dgl-1,273,41.0821,0.7075
ogbn-products,dgl-1,274,41.2275,0.7076
ogbn-products,dgl-1,275,41.3735,0.7077
ogbn-products,dgl-1,276,41.5188,0.7079
ogbn-products,dgl-1,277,41.6641,0.7080
ogbn-products,dgl-1,278,41.8094,0.7081
ogbn-products,dgl-1,279,41.9551,0.7082
ogbn-products,dgl-1,280,42.1003,0.7084
ogbn-products,dgl-1,281,42.2459,0.7084
ogbn-products,dgl-1,282,42.3915,0.7086
ogbn-products,dgl-1,283,42.5370,0.7087
ogbn-products,dgl-1,284,42.6817,0.7088
ogbn-products,dgl-1,285,42.8269,0.7089
ogbn-products,dgl-1,286,42.9727,0.7089
ogbn-products,dgl-1,287,43.1174,0.7090
ogbn-products,dgl-1,288,43.2632,0.7092
ogbn-products,dgl-1,289,43.4078,0.7093
ogbn-products,dgl-1,290,43.5531,0.7094
ogbn-products,dgl-1,291,43.6988,0.7095
ogbn-products,dgl-1,292,43.8435,0.7096
ogbn-products,dgl-1,293,43.9891,0.7097
ogbn-products,dgl-1,294,44.1337,0.7098
ogbn-products,dgl-1,295,44.2794,0.7099
ogbn-products,dgl-1,296,44.4254,0.7100
ogbn-products,dgl-1,297,44.5714,0.7101
ogbn-products,dgl-1,298,44.7167,0.7102
ogbn-products,dgl-1,299,44.8627,0.7103
ogbn-products,dgl-1,300,45.0087,0.7104
ogbn-products,dgl-1,301,45.1545,0.7105
ogbn-products,dgl-1,302,45.3000,0.7106
ogbn-products,dgl-1,303,45.4460,0.7107
ogbn-products,dgl-1,304,45.5913,0.7108
ogbn-products,dgl-1,305,45.7374,0.7109
ogbn-products,dgl-1,306,45.8829,0.7110
ogbn-products,dgl-1,307,46.0285,0.7111
ogbn-products,dgl-1,308,46.1741,0.7112
ogbn-products,dgl-1,309,46.3198,0.7113
ogbn-products,dgl-1,310,46.4655,0.7113
ogbn-products,dgl-1,311,46.6106,0.7114
ogbn-products,dgl-1,312,46.7552,0.7115
ogbn-products,dgl-1,313,46.9010,0.7116
ogbn-products,dgl-1,314,47.0463,0.7117
ogbn-products,dgl-1,315,47.1919,0.7118
ogbn-products,dgl-1,316,47.3374,0.7119
ogbn-products,dgl-1,317,47.4834,0.7120
ogbn-products,dgl-1,318,47.6295,0.7121
ogbn-products,dgl-1,319,47.7752,0.7122
ogbn-products,dgl-1,320,47.9212,0.7123
ogbn-products,dgl-1,321,48.0668,0.7123
ogbn-products,dgl-1,322,48.2122,0.7124
ogbn-products,dgl-1,323,48.3581,0.7125
ogbn-products,dgl-1,324,48.5036,0.7126
ogbn-products,dgl-1,325,48.6487,0.7127
ogbn-products,dgl-1,326,48.7933,0.7127
ogbn-products,dgl-1,327,48.9390,0.7128
ogbn-products,dgl-1,328,49.0843,0.7129
ogbn-products,dgl-1,329,49.2300,0.7130
ogbn-products,dgl-1,330,49.3749,0.7131
ogbn-products,dgl-1,331,49.5200,0.7132
ogbn-products,dgl-1,332,49.6651,0.7133
ogbn-products,dgl-1,333,49.8098,0.7134
ogbn-products,dgl-1,334,49.9544,0.7135
ogbn-products,dgl-1,335,50.0996,0.7135
ogbn-products,dgl-1,336,50.2456,0.7136
ogbn-products,dgl-1,337,50.3912,0.7137
ogbn-products,dgl-1,338,50.5366,0.7138
ogbn-products,dgl-1,339,50.6822,0.7139
ogbn-products,dgl-1,340,50.8279,0.7140
ogbn-products,dgl-1,341,50.9736,0.7141
ogbn-products,dgl-1,342,51.1186,0.7142
ogbn-products,dgl-1,343,51.2641,0.7143
ogbn-products,dgl-1,344,51.4095,0.7144
ogbn-products,dgl-1,345,51.5542,0.7145
ogbn-products,dgl-1,346,51.6988,0.7146
ogbn-products,dgl-1,347,51.8449,0.7147
ogbn-products,dgl-1,348,51.9908,0.7147
ogbn-products,dgl-1,349,52.1368,0.7148
ogbn-products,dgl-1,350,52.2825,0.7149
ogbn-products,dgl-1,351,52.4279,0.7150
ogbn-products,dgl-1,352,52.5732,0.7151
ogbn-products,dgl-1,353,52.7190,0.7152
ogbn-products,dgl-1,354,52.8636,0.7152
ogbn-products,dgl-1,355,53.0089,0.7153
ogbn-products,dgl-1,356,53.1557,0.7154
ogbn-products,dgl-1,357,53.3012,0.7155
ogbn-products,dgl-1,358,53.4466,0.7156
ogbn-products,dgl-1,359,53.5917,0.7156
ogbn-products,dgl-1,360,53.7372,0.7157
ogbn-products,dgl-1,361,53.8830,0.7158
ogbn-products,dgl-1,362,54.0279,0.7159
ogbn-products,dgl-1,363,54.1733,0.7160
ogbn-products,dgl-1,364,54.3194,0.7160
ogbn-products,dgl-1,365,54.4650,0.7161
ogbn-products,dgl-1,366,54.6098,0.7162
ogbn-products,dgl-1,367,54.7555,0.7163
ogbn-products,dgl-1,368,54.9010,0.7163
ogbn-products,dgl-1,369,55.0470,0.7164
ogbn-products,dgl-1,370,55.1930,0.7165
ogbn-products,dgl-1,371,55.3388,0.7166
ogbn-products,dgl-1,372,55.4841,0.7166
ogbn-products,dgl-1,373,55.6297,0.7167
ogbn-products,dgl-1,374,55.7756,0.7168
ogbn-products,dgl-1,375,55.9215,0.7169
ogbn-products,dgl-1,376,56.0670,0.7170
ogbn-products,dgl-1,377,56.2128,0.7171
ogbn-products,dgl-1,378,56.3583,0.7172
ogbn-products,dgl-1,379,56.5040,0.7172
ogbn-products,dgl-1,380,56.6490,0.7173
ogbn-products,dgl-1,381,56.7948,0.7174
ogbn-products,dgl-1,382,56.9415,0.7175
ogbn-products,dgl-1,383,57.0875,0.7176
ogbn-products,dgl-1,384,57.2336,0.7176
ogbn-products,dgl-1,385,57.3790,0.7177
ogbn-products,dgl-1,386,57.5246,0.7178
ogbn-products,dgl-1,387,57.6702,0.7178
ogbn-products,dgl-1,388,57.8149,0.7179
ogbn-products,dgl-1,389,57.9604,0.7180
ogbn-products,dgl-1,390,58.1052,0.7181
ogbn-products,dgl-1,391,58.2511,0.7182
ogbn-products,dgl-1,392,58.3969,0.7182
ogbn-products,dgl-1,393,58.5425,0.7183
ogbn-products,dgl-1,394,58.6870,0.7184
ogbn-products,dgl-1,395,58.8317,0.7185
ogbn-products,dgl-1,396,58.9773,0.7186
ogbn-products,dgl-1,397,59.1229,0.7187
ogbn-products,dgl-1,398,59.2684,0.7187
ogbn-products,dgl-1,399,59.4139,0.7188
ogbn-products,dgl-1,400,59.5594,0.7189
ogbn-products,dgl-1,401,59.7053,0.7190
ogbn-products,dgl-1,402,59.8509,0.7191
ogbn-products,dgl-1,403,59.9964,0.7192
ogbn-products,dgl-1,404,60.1423,0.7192
ogbn-products,dgl-1,405,60.2879,0.7193
ogbn-products,dgl-1,406,60.4331,0.7194
ogbn-products,dgl-1,407,60.5786,0.7195
ogbn-products,dgl-1,408,60.7232,0.7196
ogbn-products,dgl-1,409,60.8692,0.7196
ogbn-products,dgl-1,410,61.0148,0.7197
ogbn-products,dgl-1,411,61.1598,0.7198
ogbn-products,dgl-1,412,61.3047,0.7199
ogbn-products,dgl-1,413,61.4494,0.7200
ogbn-products,dgl-1,414,61.5948,0.7201
ogbn-products,dgl-1,415,61.7404,0.7201
ogbn-products,dgl-1,416,61.8861,0.7202
ogbn-products,dgl-1,417,62.0307,0.7203
ogbn-products,dgl-1,418,62.1762,0.7204
ogbn-products,dgl-1,419,62.3220,0.7205
ogbn-products,dgl-1,420,62.4666,0.7205
ogbn-products,dgl-1,421,62.6121,0.7206
ogbn-products,dgl-1,422,62.7569,0.7207
ogbn-products,dgl-1,423,62.9026,0.7208
ogbn-products,dgl-1,424,63.0486,0.7209
ogbn-products,dgl-1,425,63.1942,0.7209
ogbn-products,dgl-1,426,63.3399,0.7210
ogbn-products,dgl-1,427,63.4853,0.7211
ogbn-products,dgl-1,428,63.6304,0.7212
ogbn-products,dgl-1,429,63.7761,0.7213
ogbn-products,dgl-1,430,63.9219,0.7214
ogbn-products,dgl-1,431,64.0675,0.7215
ogbn-products,dgl-1,432,64.2125,0.7215
ogbn-products,dgl-1,433,64.3586,0.7216
ogbn-products,dgl-1,434,64.5044,0.7217
ogbn-products,dgl-1,435,64.6494,0.7218
ogbn-products,dgl-1,436,64.7944,0.7219
ogbn-products,dgl-1,437,64.9396,0.7220
ogbn-products,dgl-1,438,65.0850,0.7221
ogbn-products,dgl-1,439,65.2300,0.7222
ogbn-products,dgl-1,440,65.3757,0.7223
ogbn-products,dgl-1,441,65.5212,0.7223
ogbn-products,dgl-1,442,65.6668,0.7224
ogbn-products,dgl-1,443,65.8119,0.7225
ogbn-products,dgl-1,444,65.9578,0.7226
ogbn-products,dgl-1,445,66.1032,0.7227
ogbn-products,dgl-1,446,66.2487,0.7228
ogbn-products,dgl-1,447,66.3946,0.7229
ogbn-products,dgl-1,448,66.5403,0.7230
ogbn-products,dgl-1,449,66.6852,0.7230
ogbn-products,dgl-1,450,66.8304,0.7231
ogbn-products,dgl-1,451,66.9758,0.7232
ogbn-products,dgl-1,452,67.1205,0.7233
ogbn-products,dgl-1,453,67.2653,0.7234
ogbn-products,dgl-1,454,67.4107,0.7235
ogbn-products,dgl-1,455,67.5561,0.7235
ogbn-products,dgl-1,456,67.7012,0.7236
ogbn-products,dgl-1,457,67.8468,0.7237
ogbn-products,dgl-1,458,67.9924,0.7238
ogbn-products,dgl-1,459,68.1371,0.7239
ogbn-products,dgl-1,460,68.2818,0.7239
ogbn-products,dgl-1,461,68.4273,0.7240
ogbn-products,dgl-1,462,68.5721,0.7241
ogbn-products,dgl-1,463,68.7176,0.7242
ogbn-products,dgl-1,464,68.8630,0.7242
ogbn-products,dgl-1,465,69.0088,0.7243
ogbn-products,dgl-1,466,69.1534,0.7244
ogbn-products,dgl-1,467,69.2982,0.7244
ogbn-products,dgl-1,468,69.4432,0.7245
ogbn-products,dgl-1,469,69.5888,0.7247
ogbn-products,dgl-1,470,69.7342,0.7247
ogbn-products,dgl-1,471,69.8802,0.7248
ogbn-products,dgl-1,472,70.0257,0.7249
ogbn-products,dgl-1,473,70.1712,0.7249
ogbn-products,dgl-1,474,70.3165,0.7250
ogbn-products,dgl-1,475,70.4614,0.7251
ogbn-products,dgl-1,476,70.6070,0.7252
ogbn-products,dgl-1,477,70.7525,0.7253
ogbn-products,dgl-1,478,70.8984,0.7254
ogbn-products,dgl-1,479,71.0437,0.7254
ogbn-products,dgl-1,480,71.1891,0.7255
ogbn-products,dgl-1,481,71.3341,0.7256
ogbn-products,dgl-1,482,71.4794,0.7257
ogbn-products,dgl-1,483,71.6250,0.7258
ogbn-products,dgl-1,484,71.7705,0.7259
ogbn-products,dgl-1,485,71.9152,0.7260
ogbn-products,dgl-1,486,72.0608,0.7260
ogbn-products,dgl-1,487,72.2060,0.7261
ogbn-products,dgl-1,488,72.3507,0.7262
ogbn-products,dgl-1,489,72.4962,0.7263
ogbn-products,dgl-1,490,72.6416,0.7264
ogbn-products,dgl-1,491,72.7867,0.7264
ogbn-products,dgl-1,492,72.9316,0.7265
ogbn-products,dgl-1,493,73.0775,0.7266
ogbn-products,dgl-1,494,73.2221,0.7267
ogbn-products,dgl-1,495,73.3681,0.7268
ogbn-products,dgl-1,496,73.5127,0.7268
ogbn-products,dgl-1,497,73.6583,0.7269
ogbn-products,dgl-1,498,73.8031,0.7270
ogbn-products,dgl-1,499,73.9488,0.7271
ogbn-products,dgl-1,500,74.0949,0.7271
ogbn-products,dgl-1,501,74.2396,0.7272
ogbn-products,dgl-1,502,74.3843,0.7273
ogbn-products,dgl-1,503,74.5299,0.7274
ogbn-products,dgl-1,504,74.6745,0.7275
ogbn-products,dgl-1,505,74.8202,0.7276
ogbn-products,dgl-1,506,74.9664,0.7276
ogbn-products,dgl-1,507,75.1111,0.7277
ogbn-products,dgl-1,508,75.2557,0.7278
ogbn-products,dgl-1,509,75.4016,0.7278
ogbn-products,dgl-1,510,75.5470,0.7279
ogbn-products,dgl-1,511,75.6921,0.7280
ogbn-products,dgl-1,512,75.8380,0.7281
ogbn-products,dgl-1,513,75.9832,0.7281
ogbn-products,dgl-1,514,76.1279,0.7282
ogbn-products,dgl-1,515,76.2735,0.7283
ogbn-products,dgl-1,516,76.4186,0.7284
ogbn-products,dgl-1,517,76.5643,0.7284
ogbn-products,dgl-1,518,76.7093,0.7285
ogbn-products,dgl-1,519,76.8541,0.7286
ogbn-products,dgl-1,520,76.9996,0.7287
ogbn-products,dgl-1,521,77.1452,0.7287
ogbn-products,dgl-1,522,77.2908,0.7288
ogbn-products,dgl-1,523,77.4362,0.7289
ogbn-products,dgl-1,524,77.5807,0.7289
ogbn-products,dgl-1,525,77.7257,0.7290
ogbn-products,dgl-1,526,77.8703,0.7291
ogbn-products,dgl-1,527,78.0158,0.7291
ogbn-products,dgl-1,528,78.1613,0.7292
ogbn-products,dgl-1,529,78.3059,0.7293
ogbn-products,dgl-1,530,78.4516,0.7293
ogbn-products,dgl-1,531,78.5974,0.7294
ogbn-products,dgl-1,532,78.7430,0.7294
ogbn-products,dgl-1,533,78.8890,0.7295
ogbn-products,dgl-1,534,79.0346,0.7296
ogbn-products,dgl-1,535,79.1803,0.7296
ogbn-products,dgl-1,536,79.3259,0.7297
ogbn-products,dgl-1,537,79.4713,0.7298
ogbn-products,dgl-1,538,79.6168,0.7298
ogbn-products,dgl-1,539,79.7615,0.7299
ogbn-products,dgl-1,540,79.9067,0.7299
ogbn-products,dgl-1,541,80.0512,0.7300
ogbn-products,dgl-1,542,80.1958,0.7301
ogbn-products,dgl-1,543,80.3412,0.7301
ogbn-products,dgl-1,544,80.4859,0.7302
ogbn-products,dgl-1,545,80.6317,0.7302
ogbn-products,dgl-1,546,80.7775,0.7303
ogbn-products,dgl-1,547,80.9232,0.7304
ogbn-products,dgl-1,548,81.0692,0.7304
ogbn-products,dgl-1,549,81.2139,0.7305
ogbn-products,dgl-1,550,81.3586,0.7306
ogbn-products,dgl-1,551,81.5043,0.7306
ogbn-products,dgl-1,552,81.6499,0.7307
ogbn-products,dgl-1,553,81.7959,0.7307
ogbn-products,dgl-1,554,81.9415,0.7308
ogbn-products,dgl-1,555,82.0868,0.7308
ogbn-products,dgl-1,556,82.2315,0.7309
ogbn-products,dgl-1,557,82.3767,0.7309
ogbn-products,dgl-1,558,82.5214,0.7310
ogbn-products,dgl-1,559,82.6669,0.7311
ogbn-products,dgl-1,560,82.8121,0.7311
ogbn-products,dgl-1,561,82.9576,0.7312
ogbn-products,dgl-1,562,83.1028,0.7312
ogbn-products,dgl-1,563,83.2476,0.7313
ogbn-products,dgl-1,564,83.3928,0.7314
ogbn-products,dgl-1,565,83.5383,0.7314
ogbn-products,dgl-1,566,83.6830,0.7315
ogbn-products,dgl-1,567,83.8285,0.7315
ogbn-products,dgl-1,568,83.9745,0.7316
ogbn-products,dgl-1,569,84.1192,0.7316
ogbn-products,dgl-1,570,84.2645,0.7317
ogbn-products,dgl-1,571,84.4097,0.7317
ogbn-products,dgl-1,572,84.5550,0.7318
ogbn-products,dgl-1,573,84.6996,0.7318
ogbn-products,dgl-1,574,84.8453,0.7319
ogbn-products,dgl-1,575,84.9899,0.7319
ogbn-products,dgl-1,576,85.1345,0.7320
ogbn-products,dgl-1,577,85.2808,0.7320
ogbn-products,dgl-1,578,85.4255,0.7321
ogbn-products,dgl-1,579,85.5713,0.7321
ogbn-products,dgl-1,580,85.7164,0.7322
ogbn-products,dgl-1,581,85.8623,0.7322
ogbn-products,dgl-1,582,86.0078,0.7323
ogbn-products,dgl-1,583,86.1524,0.7323
ogbn-products,dgl-1,584,86.2977,0.7324
ogbn-products,dgl-1,585,86.4424,0.7324
ogbn-products,dgl-1,586,86.5872,0.7325
ogbn-products,dgl-1,587,86.7330,0.7325
ogbn-products,dgl-1,588,86.8782,0.7326
ogbn-products,dgl-1,589,87.0234,0.7326
ogbn-products,dgl-1,590,87.1681,0.7327
ogbn-products,dgl-1,591,87.3134,0.7327
ogbn-products,dgl-1,592,87.4581,0.7328
ogbn-products,dgl-1,593,87.6027,0.7328
ogbn-products,dgl-1,594,87.7473,0.7329
ogbn-products,dgl-1,595,87.8921,0.7329
ogbn-products,dgl-1,596,88.0368,0.7330
ogbn-products,dgl-1,597,88.1818,0.7331
ogbn-products,dgl-1,598,88.3264,0.7332
ogbn-products,dgl-1,599,88.4719,0.7332
ogbn-products,dgl-1,600,88.6168,0.7332
ogbn-products,dgl-1,601,88.7616,0.7333
ogbn-products,dgl-1,602,88.9067,0.7334
ogbn-products,dgl-1,603,89.0514,0.7334
ogbn-products,dgl-1,604,89.1960,0.7335
ogbn-products,dgl-1,605,89.3414,0.7335
ogbn-products,dgl-1,606,89.4868,0.7336
ogbn-products,dgl-1,607,89.6319,0.7336
ogbn-products,dgl-1,608,89.7765,0.7336
ogbn-products,dgl-1,609,89.9212,0.7337
ogbn-products,dgl-1,610,90.0668,0.7337
ogbn-products,dgl-1,611,90.2116,0.7338
ogbn-products,dgl-1,612,90.3571,0.7338
ogbn-products,dgl-1,613,90.5026,0.7339
ogbn-products,dgl-1,614,90.6479,0.7339
ogbn-products,dgl-1,615,90.7930,0.7340
ogbn-products,dgl-1,616,90.9382,0.7340
ogbn-products,dgl-1,617,91.0828,0.7341
ogbn-products,dgl-1,618,91.2275,0.7341
ogbn-products,dgl-1,619,91.3735,0.7342
ogbn-products,dgl-1,620,91.5184,0.7342
ogbn-products,dgl-1,621,91.6632,0.7342
ogbn-products,dgl-1,622,91.8092,0.7343
ogbn-products,dgl-1,623,91.9540,0.7343
ogbn-products,dgl-1,624,92.0992,0.7344
ogbn-products,dgl-1,625,92.2446,0.7344
ogbn-products,dgl-1,626,92.3893,0.7345
ogbn-products,dgl-1,627,92.5340,0.7345
ogbn-products,dgl-1,628,92.6787,0.7345
ogbn-products,dgl-1,629,92.8234,0.7346
ogbn-products,dgl-1,630,92.9681,0.7346
ogbn-products,dgl-1,631,93.1140,0.7347
ogbn-products,dgl-1,632,93.2589,0.7347
ogbn-products,dgl-1,633,93.4045,0.7348
ogbn-products,dgl-1,634,93.5499,0.7348
ogbn-products,dgl-1,635,93.6946,0.7349
ogbn-products,dgl-1,636,93.8399,0.7349
ogbn-products,dgl-1,637,93.9855,0.7349
ogbn-products,dgl-1,638,94.1309,0.7350
ogbn-products,dgl-1,639,94.2755,0.7350
ogbn-products,dgl-1,640,94.4209,0.7351
ogbn-products,dgl-1,641,94.5666,0.7351
ogbn-products,dgl-1,642,94.7123,0.7352
ogbn-products,dgl-1,643,94.8580,0.7352
ogbn-products,dgl-1,644,95.0029,0.7352
ogbn-products,dgl-1,645,95.1481,0.7353
ogbn-products,dgl-1,646,95.2927,0.7353
ogbn-products,dgl-1,647,95.4379,0.7353
ogbn-products,dgl-1,648,95.5827,0.7354
ogbn-products,dgl-1,649,95.7285,0.7354
ogbn-products,dgl-1,650,95.8735,0.7355
ogbn-products,dgl-1,651,96.0191,0.7355
ogbn-products,dgl-1,652,96.1637,0.7356
ogbn-products,dgl-1,653,96.3097,0.7356
ogbn-products,dgl-1,654,96.4553,0.7356
ogbn-products,dgl-1,655,96.6006,0.7357
ogbn-products,dgl-1,656,96.7463,0.7357
ogbn-products,dgl-1,657,96.8923,0.7357
ogbn-products,dgl-1,658,97.0376,0.7358
ogbn-products,dgl-1,659,97.1832,0.7358
ogbn-products,dgl-1,660,97.3279,0.7359
ogbn-products,dgl-1,661,97.4738,0.7359
ogbn-products,dgl-1,662,97.6192,0.7359
ogbn-products,dgl-1,663,97.7640,0.7360
ogbn-products,dgl-1,664,97.9094,0.7360
ogbn-products,dgl-1,665,98.0540,0.7360
ogbn-products,dgl-1,666,98.2001,0.7361
ogbn-products,dgl-1,667,98.3448,0.7361
ogbn-products,dgl-1,668,98.4902,0.7362
ogbn-products,dgl-1,669,98.6349,0.7362
ogbn-products,dgl-1,670,98.7797,0.7363
ogbn-products,dgl-1,671,98.9252,0.7363
ogbn-products,dgl-1,672,99.0712,0.7363
ogbn-products,dgl-1,673,99.2163,0.7364
ogbn-products,dgl-1,674,99.3609,0.7364
ogbn-products,dgl-1,675,99.5066,0.7364
ogbn-products,dgl-1,676,99.6513,0.7364
ogbn-products,dgl-1,677,99.7966,0.7365
ogbn-products,dgl-1,678,99.9422,0.7365
ogbn-products,dgl-1,679,100.0876,0.7366
ogbn-products,dgl-1,680,100.2328,0.7366
ogbn-products,dgl-1,681,100.3787,0.7366
ogbn-products,dgl-1,682,100.5235,0.7367
ogbn-products,dgl-1,683,100.6680,0.7367
ogbn-products,dgl-1,684,100.8140,0.7367
ogbn-products,dgl-1,685,100.9590,0.7368
ogbn-products,dgl-1,686,101.1044,0.7368
ogbn-products,dgl-1,687,101.2496,0.7368
ogbn-products,dgl-1,688,101.3942,0.7368
ogbn-products,dgl-1,689,101.5390,0.7369
ogbn-products,dgl-1,690,101.6842,0.7369
ogbn-products,dgl-1,691,101.8298,0.7369
ogbn-products,dgl-1,692,101.9753,0.7369
ogbn-products,dgl-1,693,102.1209,0.7370
ogbn-products,dgl-1,694,102.2657,0.7370
ogbn-products,dgl-1,695,102.4105,0.7370
ogbn-products,dgl-1,696,102.5550,0.7371
ogbn-products,dgl-1,697,102.7002,0.7371
ogbn-products,dgl-1,698,102.8461,0.7371
ogbn-products,dgl-1,699,102.9914,0.7372
ogbn-products,dgl-1,700,103.1360,0.7372
ogbn-products,dgl-1,701,103.2807,0.7373
ogbn-products,dgl-1,702,103.4259,0.7373
ogbn-products,dgl-1,703,103.5715,0.7373
ogbn-products,dgl-1,704,103.7165,0.7373
ogbn-products,dgl-1,705,103.8611,0.7374
ogbn-products,dgl-1,706,104.0064,0.7374
ogbn-products,dgl-1,707,104.1512,0.7374
ogbn-products,dgl-1,708,104.2966,0.7374
ogbn-products,dgl-1,709,104.4412,0.7375
ogbn-products,dgl-1,710,104.5863,0.7375
ogbn-products,dgl-1,711,104.7312,0.7375
ogbn-products,dgl-1,712,104.8771,0.7376
ogbn-products,dgl-1,713,105.0230,0.7376
ogbn-products,dgl-1,714,105.1686,0.7376
ogbn-products,dgl-1,715,105.3146,0.7376
ogbn-products,dgl-1,716,105.4598,0.7377
ogbn-products,dgl-1,717,105.6054,0.7377
ogbn-products,dgl-1,718,105.7502,0.7377
ogbn-products,dgl-1,719,105.8949,0.7378
ogbn-products,dgl-1,720,106.0405,0.7378
ogbn-products,dgl-1,721,106.1859,0.7378
ogbn-products,dgl-1,722,106.3306,0.7378
ogbn-products,dgl-1,723,106.4754,0.7379
ogbn-products,dgl-1,724,106.6202,0.7379
ogbn-products,dgl-1,725,106.7653,0.7380
ogbn-products,dgl-1,726,106.9108,0.7380
ogbn-products,dgl-1,727,107.0566,0.7380
ogbn-products,dgl-1,728,107.2017,0.7380
ogbn-products,dgl-1,729,107.3466,0.7381
ogbn-products,dgl-1,730,107.4912,0.7381
ogbn-products,dgl-1,731,107.6359,0.7381
ogbn-products,dgl-1,732,107.7811,0.7381
ogbn-products,dgl-1,733,107.9258,0.7382
ogbn-products,dgl-1,734,108.0704,0.7382
ogbn-products,dgl-1,735,108.2150,0.7382
ogbn-products,dgl-1,736,108.3596,0.7382
ogbn-products,dgl-1,737,108.5046,0.7383
ogbn-products,dgl-1,738,108.6493,0.7383
ogbn-products,dgl-1,739,108.7944,0.7383
ogbn-products,dgl-1,740,108.9400,0.7383
ogbn-products,dgl-1,741,109.0850,0.7383
ogbn-products,dgl-1,742,109.2297,0.7384
ogbn-products,dgl-1,743,109.3749,0.7384
ogbn-products,dgl-1,744,109.5200,0.7384
ogbn-products,dgl-1,745,109.6661,0.7385
ogbn-products,dgl-1,746,109.8112,0.7385
ogbn-products,dgl-1,747,109.9562,0.7385
ogbn-products,dgl-1,748,110.1013,0.7385
ogbn-products,dgl-1,749,110.2463,0.7386
ogbn-products,dgl-1,750,110.3914,0.7386
ogbn-products,dgl-1,751,110.5369,0.7386
ogbn-products,dgl-1,752,110.6816,0.7386
ogbn-products,dgl-1,753,110.8270,0.7386
ogbn-products,dgl-1,754,110.9720,0.7387
ogbn-products,dgl-1,755,111.1166,0.7387
ogbn-products,dgl-1,756,111.2613,0.7387
ogbn-products,dgl-1,757,111.4071,0.7387
ogbn-products,dgl-1,758,111.5516,0.7388
ogbn-products,dgl-1,759,111.6965,0.7388
ogbn-products,dgl-1,760,111.8415,0.7388
ogbn-products,dgl-1,761,111.9874,0.7389
ogbn-products,dgl-1,762,112.1330,0.7389
ogbn-products,dgl-1,763,112.2780,0.7389
ogbn-products,dgl-1,764,112.4226,0.7389
ogbn-products,dgl-1,765,112.5673,0.7390
ogbn-products,dgl-1,766,112.7122,0.7389
ogbn-products,dgl-1,767,112.8570,0.7390
ogbn-products,dgl-1,768,113.0015,0.7390
ogbn-products,dgl-1,769,113.1465,0.7390
ogbn-products,dgl-1,770,113.2911,0.7390
ogbn-products,dgl-1,771,113.4358,0.7391
ogbn-products,dgl-1,772,113.5811,0.7391
ogbn-products,dgl-1,773,113.7258,0.7391
ogbn-products,dgl-1,774,113.8709,0.7391
ogbn-products,dgl-1,775,114.0158,0.7392
ogbn-products,dgl-1,776,114.1604,0.7392
ogbn-products,dgl-1,777,114.3061,0.7392
ogbn-products,dgl-1,778,114.4511,0.7392
ogbn-products,dgl-1,779,114.5958,0.7393
ogbn-products,dgl-1,780,114.7412,0.7393
ogbn-products,dgl-1,781,114.8862,0.7393
ogbn-products,dgl-1,782,115.0318,0.7393
ogbn-products,dgl-1,783,115.1769,0.7393
ogbn-products,dgl-1,784,115.3215,0.7394
ogbn-products,dgl-1,785,115.4668,0.7394
ogbn-products,dgl-1,786,115.6116,0.7394
ogbn-products,dgl-1,787,115.7566,0.7394
ogbn-products,dgl-1,788,115.9017,0.7395
ogbn-products,dgl-1,789,116.0472,0.7395
ogbn-products,dgl-1,790,116.1922,0.7395
ogbn-products,dgl-1,791,116.3380,0.7396
ogbn-products,dgl-1,792,116.4835,0.7396
ogbn-products,dgl-1,793,116.6281,0.7396
ogbn-products,dgl-1,794,116.7728,0.7396
ogbn-products,dgl-1,795,116.9174,0.7397
ogbn-products,dgl-1,796,117.0621,0.7397
ogbn-products,dgl-1,797,117.2071,0.7397
ogbn-products,dgl-1,798,117.3521,0.7397
ogbn-products,dgl-1,799,117.4975,0.7397
ogbn-products,dgl-1,800,117.6422,0.7398
ogbn-products,dgl-1,801,117.7876,0.7398
ogbn-products,dgl-1,802,117.9325,0.7398
ogbn-products,dgl-1,803,118.0773,0.7398
ogbn-products,dgl-1,804,118.2219,0.7398
ogbn-products,dgl-1,805,118.3671,0.7398
ogbn-products,dgl-1,806,118.5121,0.7399
ogbn-products,dgl-1,807,118.6577,0.7399
ogbn-products,dgl-1,808,118.8023,0.7399
ogbn-products,dgl-1,809,118.9474,0.7399
ogbn-products,dgl-1,810,119.0934,0.7400
ogbn-products,dgl-1,811,119.2382,0.7400
ogbn-products,dgl-1,812,119.3830,0.7400
ogbn-products,dgl-1,813,119.5290,0.7400
ogbn-products,dgl-1,814,119.6740,0.7400
ogbn-products,dgl-1,815,119.8187,0.7401
ogbn-products,dgl-1,816,119.9633,0.7401
ogbn-products,dgl-1,817,120.1083,0.7401
ogbn-products,dgl-1,818,120.2532,0.7401
ogbn-products,dgl-1,819,120.3979,0.7402
ogbn-products,dgl-1,820,120.5425,0.7402
ogbn-products,dgl-1,821,120.6871,0.7402
ogbn-products,dgl-1,822,120.8320,0.7402
ogbn-products,dgl-1,823,120.9770,0.7402
ogbn-products,dgl-1,824,121.1217,0.7403
ogbn-products,dgl-1,825,121.2669,0.7403
ogbn-products,dgl-1,826,121.4122,0.7403
ogbn-products,dgl-1,827,121.5569,0.7403
ogbn-products,dgl-1,828,121.7023,0.7403
ogbn-products,dgl-1,829,121.8469,0.7403
ogbn-products,dgl-1,830,121.9922,0.7403
ogbn-products,dgl-1,831,122.1367,0.7404
ogbn-products,dgl-1,832,122.2818,0.7404
ogbn-products,dgl-1,833,122.4266,0.7404
ogbn-products,dgl-1,834,122.5712,0.7404
ogbn-products,dgl-1,835,122.7161,0.7404
ogbn-products,dgl-1,836,122.8607,0.7404
ogbn-products,dgl-1,837,123.0064,0.7405
ogbn-products,dgl-1,838,123.1511,0.7405
ogbn-products,dgl-1,839,123.2960,0.7405
ogbn-products,dgl-1,840,123.4412,0.7405
ogbn-products,dgl-1,841,123.5857,0.7405
ogbn-products,dgl-1,842,123.7313,0.7405
ogbn-products,dgl-1,843,123.8763,0.7406
ogbn-products,dgl-1,844,124.0213,0.7406
ogbn-products,dgl-1,845,124.1659,0.7406
ogbn-products,dgl-1,846,124.3115,0.7406
ogbn-products,dgl-1,847,124.4571,0.7406
ogbn-products,dgl-1,848,124.6025,0.7406
ogbn-products,dgl-1,849,124.7473,0.7407
ogbn-products,dgl-1,850,124.8920,0.7407
ogbn-products,dgl-1,851,125.0370,0.7407
ogbn-products,dgl-1,852,125.1822,0.7407
ogbn-products,dgl-1,853,125.3269,0.7407
ogbn-products,dgl-1,854,125.4721,0.7408
ogbn-products,dgl-1,855,125.6169,0.7408
ogbn-products,dgl-1,856,125.7618,0.7408
ogbn-products,dgl-1,857,125.9064,0.7408
ogbn-products,dgl-1,858,126.0511,0.7408
ogbn-products,dgl-1,859,126.1956,0.7409
ogbn-products,dgl-1,860,126.3404,0.7409
ogbn-products,dgl-1,861,126.4850,0.7409
ogbn-products,dgl-1,862,126.6298,0.7409
ogbn-products,dgl-1,863,126.7750,0.7409
ogbn-products,dgl-1,864,126.9195,0.7409
ogbn-products,dgl-1,865,127.0641,0.7410
ogbn-products,dgl-1,866,127.2089,0.7410
ogbn-products,dgl-1,867,127.3535,0.7410
ogbn-products,dgl-1,868,127.4983,0.7410
ogbn-products,dgl-1,869,127.6434,0.7410
ogbn-products,dgl-1,870,127.7882,0.7411
ogbn-products,dgl-1,871,127.9338,0.7411
ogbn-products,dgl-1,872,128.0783,0.7411
ogbn-products,dgl-1,873,128.2235,0.7411
ogbn-products,dgl-1,874,128.3688,0.7411
ogbn-products,dgl-1,875,128.5135,0.7411
ogbn-products,dgl-1,876,128.6582,0.7411
ogbn-products,dgl-1,877,128.8033,0.7412
ogbn-products,dgl-1,878,128.9485,0.7412
ogbn-products,dgl-1,879,129.0935,0.7412
ogbn-products,dgl-1,880,129.2381,0.7412
ogbn-products,dgl-1,881,129.3834,0.7412
ogbn-products,dgl-1,882,129.5282,0.7412
ogbn-products,dgl-1,883,129.6739,0.7413
ogbn-products,dgl-1,884,129.8185,0.7413
ogbn-products,dgl-1,885,129.9639,0.7413
ogbn-products,dgl-1,886,130.1087,0.7413
ogbn-products,dgl-1,887,130.2534,0.7413
ogbn-products,dgl-1,888,130.3990,0.7414
ogbn-products,dgl-1,889,130.5440,0.7414
ogbn-products,dgl-1,890,130.6892,0.7414
ogbn-products,dgl-1,891,130.8347,0.7414
ogbn-products,dgl-1,892,130.9803,0.7414
ogbn-products,dgl-1,893,131.1262,0.7414
ogbn-products,dgl-1,894,131.2717,0.7415
ogbn-products,dgl-1,895,131.4163,0.7415
ogbn-products,dgl-1,896,131.5613,0.7415
ogbn-products,dgl-1,897,131.7067,0.7415
ogbn-products,dgl-1,898,131.8514,0.7416
ogbn-products,dgl-1,899,131.9965,0.7416
ogbn-products,dgl-1,900,132.1415,0.7416
ogbn-products,dgl-1,901,132.2860,0.7416
ogbn-products,dgl-1,902,132.4315,0.7416
ogbn-products,dgl-1,903,132.5766,0.7416
ogbn-products,dgl-1,904,132.7216,0.7416
ogbn-products,dgl-1,905,132.8675,0.7416
ogbn-products,dgl-1,906,133.0124,0.7417
ogbn-products,dgl-1,907,133.1579,0.7417
ogbn-products,dgl-1,908,133.3025,0.7417
ogbn-products,dgl-1,909,133.4474,0.7417
ogbn-products,dgl-1,910,133.5933,0.7417
ogbn-products,dgl-1,911,133.7387,0.7417
ogbn-products,dgl-1,912,133.8837,0.7417
ogbn-products,dgl-1,913,134.0297,0.7418
ogbn-products,dgl-1,914,134.1745,0.7418
ogbn-products,dgl-1,915,134.3196,0.7418
ogbn-products,dgl-1,916,134.4644,0.7418
ogbn-products,dgl-1,917,134.6092,0.7418
ogbn-products,dgl-1,918,134.7538,0.7418
ogbn-products,dgl-1,919,134.8984,0.7418
ogbn-products,dgl-1,920,135.0439,0.7418
ogbn-products,dgl-1,921,135.1897,0.7418
ogbn-products,dgl-1,922,135.3354,0.7419
ogbn-products,dgl-1,923,135.4812,0.7419
ogbn-products,dgl-1,924,135.6262,0.7419
ogbn-products,dgl-1,925,135.7717,0.7419
ogbn-products,dgl-1,926,135.9165,0.7419
ogbn-products,dgl-1,927,136.0616,0.7419
ogbn-products,dgl-1,928,136.2067,0.7419
ogbn-products,dgl-1,929,136.3522,0.7419
ogbn-products,dgl-1,930,136.4971,0.7419
ogbn-products,dgl-1,931,136.6422,0.7420
ogbn-products,dgl-1,932,136.7868,0.7420
ogbn-products,dgl-1,933,136.9316,0.7420
ogbn-products,dgl-1,934,137.0762,0.7420
ogbn-products,dgl-1,935,137.2222,0.7420
ogbn-products,dgl-1,936,137.3670,0.7420
ogbn-products,dgl-1,937,137.5116,0.7420
ogbn-products,dgl-1,938,137.6563,0.7421
ogbn-products,dgl-1,939,137.8008,0.7421
ogbn-products,dgl-1,940,137.9455,0.7421
ogbn-products,dgl-1,941,138.0902,0.7421
ogbn-products,dgl-1,942,138.2348,0.7421
ogbn-products,dgl-1,943,138.3794,0.7421
ogbn-products,dgl-1,944,138.5245,0.7422
ogbn-products,dgl-1,945,138.6696,0.7422
ogbn-products,dgl-1,946,138.8151,0.7422
ogbn-products,dgl-1,947,138.9597,0.7422
ogbn-products,dgl-1,948,139.1044,0.7422
ogbn-products,dgl-1,949,139.2491,0.7422
ogbn-products,dgl-1,950,139.3941,0.7422
ogbn-products,dgl-1,951,139.5388,0.7423
ogbn-products,dgl-1,952,139.6834,0.7423
ogbn-products,dgl-1,953,139.8285,0.7423
ogbn-products,dgl-1,954,139.9731,0.7423
ogbn-products,dgl-1,955,140.1182,0.7423
ogbn-products,dgl-1,956,140.2628,0.7423
ogbn-products,dgl-1,957,140.4074,0.7423
ogbn-products,dgl-1,958,140.5524,0.7423
ogbn-products,dgl-1,959,140.6975,0.7423
ogbn-products,dgl-1,960,140.8425,0.7423
ogbn-products,dgl-1,961,140.9876,0.7423
ogbn-products,dgl-1,962,141.1322,0.7423
ogbn-products,dgl-1,963,141.2768,0.7423
ogbn-products,dgl-1,964,141.4215,0.7423
ogbn-products,dgl-1,965,141.5662,0.7424
ogbn-products,dgl-1,966,141.7108,0.7424
ogbn-products,dgl-1,967,141.8555,0.7424
ogbn-products,dgl-1,968,142.0014,0.7424
ogbn-products,dgl-1,969,142.1464,0.7424
ogbn-products,dgl-1,970,142.2911,0.7424
ogbn-products,dgl-1,971,142.4365,0.7424
ogbn-products,dgl-1,972,142.5813,0.7424
ogbn-products,dgl-1,973,142.7259,0.7424
ogbn-products,dgl-1,974,142.8709,0.7425
ogbn-products,dgl-1,975,143.0163,0.7425
ogbn-products,dgl-1,976,143.1615,0.7425
ogbn-products,dgl-1,977,143.3068,0.7425
ogbn-products,dgl-1,978,143.4537,0.7425
ogbn-products,dgl-1,979,143.5984,0.7425
ogbn-products,dgl-1,980,143.7437,0.7425
ogbn-products,dgl-1,981,143.8883,0.7426
ogbn-products,dgl-1,982,144.0329,0.7426
ogbn-products,dgl-1,983,144.1782,0.7426
ogbn-products,dgl-1,984,144.3228,0.7426
ogbn-products,dgl-1,985,144.4678,0.7426
ogbn-products,dgl-1,986,144.6125,0.7426
ogbn-products,dgl-1,987,144.7581,0.7426
ogbn-products,dgl-1,988,144.9033,0.7426
ogbn-products,dgl-1,989,145.0493,0.7426
ogbn-products,dgl-1,990,145.1941,0.7426
ogbn-products,dgl-1,991,145.3389,0.7427
ogbn-products,dgl-1,992,145.4839,0.7427
ogbn-products,dgl-1,993,145.6295,0.7427
ogbn-products,dgl-1,994,145.7748,0.7427
ogbn-products,dgl-1,995,145.9199,0.7427
ogbn-products,dgl-1,996,146.0649,0.7427
ogbn-products,dgl-1,997,146.2100,0.7427
ogbn-products,dgl-1,998,146.3549,0.7427
ogbn-products,dgl-1,999,146.4999,0.7428
ogbn-products,dgl-1,1000,146.6450,0.7428
ogbn-products,dgl-1,1001,146.7904,0.7428
ogbn-products,dgl-1,1002,146.9354,0.7428
ogbn-products,dgl-1,1003,147.0801,0.7428
ogbn-products,dgl-1,1004,147.2249,0.7428
ogbn-products,dgl-1,1005,147.3695,0.7428
ogbn-products,dgl-1,1006,147.5141,0.7428
ogbn-products,dgl-1,1007,147.6596,0.7428
ogbn-products,dgl-1,1008,147.8049,0.7429
ogbn-products,dgl-1,1009,147.9504,0.7429
ogbn-products,dgl-1,1010,148.0965,0.7429
ogbn-products,dgl-1,1011,148.2415,0.7429
ogbn-products,dgl-1,1012,148.3875,0.7429
ogbn-products,dgl-1,1013,148.5331,0.7429
ogbn-products,dgl-1,1014,148.6778,0.7429
ogbn-products,dgl-1,1015,148.8230,0.7430
ogbn-products,dgl-1,1016,148.9682,0.7430
ogbn-products,dgl-1,1017,149.1128,0.7430
ogbn-products,dgl-1,1018,149.2574,0.7430
ogbn-products,dgl-1,1019,149.4020,0.7430
ogbn-products,dgl-1,1020,149.5472,0.7430
ogbn-products,dgl-1,1021,149.6918,0.7430
ogbn-products,dgl-1,1022,149.8367,0.7430
ogbn-products,dgl-1,1023,149.9820,0.7430
ogbn-products,dgl-1,1024,150.1273,0.7430
ogbn-products,dgl-1,1025,150.2727,0.7430
ogbn-products,dgl-1,1026,150.4175,0.7430
ogbn-products,dgl-1,1027,150.5630,0.7431
ogbn-products,dgl-1,1028,150.7078,0.7431
ogbn-products,dgl-1,1029,150.8524,0.7431
ogbn-products,dgl-1,1030,150.9975,0.7431
ogbn-products,dgl-1,1031,151.1424,0.7431
ogbn-products,dgl-1,1032,151.2874,0.7431
ogbn-products,dgl-1,1033,151.4330,0.7431
ogbn-products,dgl-1,1034,151.5778,0.7431
ogbn-products,dgl-1,1035,151.7225,0.7431
ogbn-products,dgl-1,1036,151.8673,0.7431
ogbn-products,dgl-1,1037,152.0120,0.7432
ogbn-products,dgl-1,1038,152.1566,0.7432
ogbn-products,dgl-1,1039,152.3017,0.7432
ogbn-products,dgl-1,1040,152.4468,0.7432
ogbn-products,dgl-1,1041,152.5914,0.7432
ogbn-products,dgl-1,1042,152.7367,0.7432
ogbn-products,dgl-1,1043,152.8815,0.7432
ogbn-products,dgl-1,1044,153.0272,0.7432
ogbn-products,dgl-1,1045,153.1724,0.7432
ogbn-products,dgl-1,1046,153.3170,0.7432
ogbn-products,dgl-1,1047,153.4618,0.7432
ogbn-products,dgl-1,1048,153.6072,0.7432
ogbn-products,dgl-1,1049,153.7520,0.7432
ogbn-products,dgl-1,1050,153.8971,0.7433
ogbn-products,dgl-1,1051,154.0423,0.7433
ogbn-products,dgl-1,1052,154.1872,0.7433
ogbn-products,dgl-1,1053,154.3319,0.7433
ogbn-products,dgl-1,1054,154.4766,0.7433
ogbn-products,dgl-1,1055,154.6227,0.7433
ogbn-products,dgl-1,1056,154.7682,0.7433
ogbn-products,dgl-1,1057,154.9141,0.7433
ogbn-products,dgl-1,1058,155.0595,0.7433
ogbn-products,dgl-1,1059,155.2043,0.7433
ogbn-products,dgl-1,1060,155.3493,0.7434
ogbn-products,dgl-1,1061,155.4953,0.7433
ogbn-products,dgl-1,1062,155.6402,0.7434
ogbn-products,dgl-1,1063,155.7853,0.7434
ogbn-products,dgl-1,1064,155.9299,0.7434
ogbn-products,dgl-1,1065,156.0749,0.7434
ogbn-products,dgl-1,1066,156.2196,0.7434
ogbn-products,dgl-1,1067,156.3643,0.7434
ogbn-products,dgl-1,1068,156.5089,0.7434
ogbn-products,dgl-1,1069,156.6540,0.7434
ogbn-products,dgl-1,1070,156.7999,0.7434
ogbn-products,dgl-1,1071,156.9447,0.7435
ogbn-products,dgl-1,1072,157.0893,0.7435
ogbn-products,dgl-1,1073,157.2339,0.7435
ogbn-products,dgl-1,1074,157.3787,0.7435
ogbn-products,dgl-1,1075,157.5234,0.7435
ogbn-products,dgl-1,1076,157.6680,0.7435
ogbn-products,dgl-1,1077,157.8130,0.7435
ogbn-products,dgl-1,1078,157.9577,0.7435
ogbn-products,dgl-1,1079,158.1028,0.7435
ogbn-products,dgl-1,1080,158.2482,0.7435
ogbn-products,dgl-1,1081,158.3937,0.7435
ogbn-products,dgl-1,1082,158.5382,0.7435
ogbn-products,dgl-1,1083,158.6832,0.7435
ogbn-products,dgl-1,1084,158.8281,0.7435
ogbn-products,dgl-1,1085,158.9727,0.7435
ogbn-products,dgl-1,1086,159.1185,0.7435
ogbn-products,dgl-1,1087,159.2631,0.7435
ogbn-products,dgl-1,1088,159.4077,0.7435
ogbn-products,dgl-1,1089,159.5535,0.7435
ogbn-products,dgl-1,1090,159.6989,0.7435
ogbn-products,dgl-1,1091,159.8437,0.7435
ogbn-products,dgl-1,1092,159.9882,0.7435
ogbn-products,dgl-1,1093,160.1329,0.7435
ogbn-products,dgl-1,1094,160.2777,0.7436
ogbn-products,dgl-1,1095,160.4230,0.7435
ogbn-products,dgl-1,1096,160.5677,0.7436
ogbn-products,dgl-1,1097,160.7123,0.7435
ogbn-products,dgl-1,1098,160.8575,0.7436
ogbn-products,dgl-1,1099,161.0035,0.7436
ogbn-products,dgl-1,1100,161.1487,0.7436
ogbn-products,dgl-1,1101,161.2939,0.7436
ogbn-products,dgl-1,1102,161.4388,0.7436
ogbn-products,dgl-1,1103,161.5835,0.7436
ogbn-products,dgl-1,1104,161.7287,0.7436
ogbn-products,dgl-1,1105,161.8733,0.7436
ogbn-products,dgl-1,1106,162.0181,0.7436
ogbn-products,dgl-1,1107,162.1631,0.7436
ogbn-products,dgl-1,1108,162.3079,0.7436
ogbn-products,dgl-1,1109,162.4529,0.7436
ogbn-products,dgl-1,1110,162.5979,0.7436
ogbn-products,dgl-1,1111,162.7435,0.7436
ogbn-products,dgl-1,1112,162.8884,0.7436
ogbn-products,dgl-1,1113,163.0340,0.7436
ogbn-products,dgl-1,1114,163.1787,0.7436
ogbn-products,dgl-1,1115,163.3234,0.7436
ogbn-products,dgl-1,1116,163.4686,0.7436
ogbn-products,dgl-1,1117,163.6133,0.7436
ogbn-products,dgl-1,1118,163.7584,0.7436
ogbn-products,dgl-1,1119,163.9033,0.7437
ogbn-products,dgl-1,1120,164.0486,0.7437
ogbn-products,dgl-1,1121,164.1937,0.7437
ogbn-products,dgl-1,1122,164.3390,0.7436
ogbn-products,dgl-1,1123,164.4839,0.7437
ogbn-products,dgl-1,1124,164.6288,0.7437
ogbn-products,dgl-1,1125,164.7743,0.7437
ogbn-products,dgl-1,1126,164.9197,0.7437
ogbn-products,dgl-1,1127,165.0645,0.7437
ogbn-products,dgl-1,1128,165.2100,0.7437
ogbn-products,dgl-1,1129,165.3549,0.7437
ogbn-products,dgl-1,1130,165.5001,0.7437
ogbn-products,dgl-1,1131,165.6448,0.7437
ogbn-products,dgl-1,1132,165.7909,0.7437
ogbn-products,dgl-1,1133,165.9362,0.7437
ogbn-products,dgl-1,1134,166.0813,0.7437
ogbn-products,dgl-1,1135,166.2265,0.7437
ogbn-products,dgl-1,1136,166.3714,0.7438
ogbn-products,dgl-1,1137,166.5162,0.7437
ogbn-products,dgl-1,1138,166.6615,0.7438
ogbn-products,dgl-1,1139,166.8063,0.7438
ogbn-products,dgl-1,1140,166.9512,0.7438
ogbn-products,dgl-1,1141,167.0964,0.7438
ogbn-products,dgl-1,1142,167.2412,0.7437
ogbn-products,dgl-1,1143,167.3860,0.7438
ogbn-products,dgl-1,1144,167.5307,0.7438
ogbn-products,dgl-1,1145,167.6754,0.7438
ogbn-products,dgl-1,1146,167.8203,0.7437
ogbn-products,dgl-1,1147,167.9652,0.7438
ogbn-products,dgl-1,1148,168.1101,0.7438
ogbn-products,dgl-1,1149,168.2555,0.7438
ogbn-products,dgl-1,1150,168.4010,0.7438
ogbn-products,dgl-1,1151,168.5463,0.7438
ogbn-products,dgl-1,1152,168.6912,0.7438
ogbn-products,dgl-1,1153,168.8360,0.7438
ogbn-products,dgl-1,1154,168.9808,0.7438
ogbn-products,dgl-1,1155,169.1263,0.7438
ogbn-products,dgl-1,1156,169.2713,0.7438
ogbn-products,dgl-1,1157,169.4163,0.7438
ogbn-products,dgl-1,1158,169.5612,0.7438
ogbn-products,dgl-1,1159,169.7061,0.7438
ogbn-products,dgl-1,1160,169.8512,0.7438
ogbn-products,dgl-1,1161,169.9965,0.7438
ogbn-products,dgl-1,1162,170.1413,0.7438
ogbn-products,dgl-1,1163,170.2861,0.7438
ogbn-products,dgl-1,1164,170.4308,0.7438
ogbn-products,dgl-1,1165,170.5757,0.7438
ogbn-products,dgl-1,1166,170.7210,0.7438
ogbn-products,dgl-1,1167,170.8657,0.7438
ogbn-products,dgl-1,1168,171.0112,0.7438
ogbn-products,dgl-1,1169,171.1562,0.7438
ogbn-products,dgl-1,1170,171.3014,0.7438
ogbn-products,dgl-1,1171,171.4461,0.7438
ogbn-products,dgl-1,1172,171.5910,0.7438
ogbn-products,dgl-1,1173,171.7359,0.7438
ogbn-products,dgl-1,1174,171.8807,0.7438
ogbn-products,dgl-1,1175,172.0262,0.7438
ogbn-products,dgl-1,1176,172.1711,0.7438
ogbn-products,dgl-1,1177,172.3159,0.7438
ogbn-products,dgl-1,1178,172.4607,0.7438
ogbn-products,dgl-1,1179,172.6057,0.7438
ogbn-products,dgl-1,1180,172.7505,0.7438
ogbn-products,dgl-1,1181,172.8956,0.7438
ogbn-products,dgl-1,1182,173.0406,0.7438
ogbn-products,dgl-1,1183,173.1859,0.7438
ogbn-products,dgl-1,1184,173.3312,0.7438
ogbn-products,dgl-1,1185,173.4761,0.7438
ogbn-products,dgl-1,1186,173.6209,0.7438
ogbn-products,dgl-1,1187,173.7657,0.7438
ogbn-products,dgl-1,1188,173.9105,0.7438
ogbn-products,dgl-1,1189,174.0554,0.7438
ogbn-products,dgl-1,1190,174.2005,0.7438
ogbn-products,dgl-1,1191,174.3452,0.7438
ogbn-products,dgl-1,1192,174.4901,0.7438
ogbn-products,dgl-1,1193,174.6352,0.7438
ogbn-products,dgl-1,1194,174.7800,0.7438
ogbn-products,dgl-1,1195,174.9248,0.7438
ogbn-products,dgl-1,1196,175.0701,0.7438
ogbn-products,dgl-1,1197,175.2149,0.7439
ogbn-products,dgl-1,1198,175.3597,0.7439
ogbn-products,dgl-1,1199,175.5045,0.7438
ogbn-products,dgl-1,1200,175.6497,0.7438
ogbn-products,dgl-1,1201,175.7945,0.7438
ogbn-products,dgl-1,1202,175.9398,0.7438
ogbn-products,dgl-1,1203,176.0848,0.7438
ogbn-products,dgl-1,1204,176.2302,0.7439
ogbn-products,dgl-1,1205,176.3750,0.7438
ogbn-products,dgl-1,1206,176.5198,0.7439
ogbn-products,dgl-1,1207,176.6649,0.7438
ogbn-products,dgl-1,1208,176.8098,0.7438
ogbn-products,dgl-1,1209,176.9545,0.7438
ogbn-products,dgl-1,1210,177.0994,0.7438
ogbn-products,dgl-1,1211,177.2445,0.7438
ogbn-products,dgl-1,1212,177.3894,0.7438
ogbn-products,dgl-1,1213,177.5347,0.7438
ogbn-products,dgl-1,1214,177.6798,0.7438
ogbn-products,dgl-1,1215,177.8246,0.7438
ogbn-products,dgl-1,1216,177.9699,0.7438
ogbn-products,dgl-1,1217,178.1148,0.7438
ogbn-products,dgl-1,1218,178.2596,0.7438
ogbn-products,dgl-1,1219,178.4044,0.7438
ogbn-products,dgl-1,1220,178.5493,0.7438
ogbn-products,dgl-1,1221,178.6941,0.7438
ogbn-products,dgl-1,1222,178.8390,0.7438
ogbn-products,dgl-1,1223,178.9838,0.7438
ogbn-products,dgl-1,1224,179.1287,0.7438
ogbn-products,dgl-1,1225,179.2741,0.7438
ogbn-products,dgl-1,1226,179.4194,0.7438
ogbn-products,dgl-1,1227,179.5643,0.7438
ogbn-products,dgl-1,1228,179.7093,0.7438
ogbn-products,dgl-1,1229,179.8541,0.7438
ogbn-products,dgl-1,1230,179.9993,0.7438
ogbn-products,dgl-1,1231,180.1442,0.7438
ogbn-products,dgl-1,1232,180.2890,0.7438
ogbn-products,dgl-1,1233,180.4342,0.7438
ogbn-products,dgl-1,1234,180.5791,0.7438
ogbn-products,dgl-1,1235,180.7241,0.7438
ogbn-products,dgl-1,1236,180.8698,0.7438
ogbn-products,dgl-1,1237,181.0146,0.7438
ogbn-products,dgl-1,1238,181.1596,0.7438
ogbn-products,dgl-1,1239,181.3044,0.7438
ogbn-products,dgl-1,1240,181.4496,0.7438
ogbn-products,dgl-1,1241,181.5944,0.7438
ogbn-products,dgl-1,1242,181.7391,0.7438
ogbn-products,dgl-1,1243,181.8842,0.7438
ogbn-products,dgl-1,1244,182.0291,0.7438
ogbn-products,dgl-1,1245,182.1739,0.7438
ogbn-products,dgl-1,1246,182.3190,0.7438
ogbn-products,dgl-1,1247,182.4638,0.7438
ogbn-products,dgl-1,1248,182.6086,0.7438
ogbn-products,dgl-1,1249,182.7538,0.7438
ogbn-products,dgl-1,1250,182.8988,0.7438
ogbn-products,dgl-1,1251,183.0435,0.7438
ogbn-products,dgl-1,1252,183.1886,0.7438
ogbn-products,dgl-1,1253,183.3335,0.7438
ogbn-products,dgl-1,1254,183.4783,0.7438
ogbn-products,dgl-1,1255,183.6235,0.7438
ogbn-products,dgl-1,1256,183.7683,0.7438
ogbn-products,dgl-1,1257,183.9132,0.7438
ogbn-products,dgl-1,1258,184.0579,0.7438
ogbn-products,dgl-1,1259,184.2027,0.7438
ogbn-products,dgl-1,1260,184.3479,0.7438
ogbn-products,dgl-1,1261,184.4926,0.7438
ogbn-products,dgl-1,1262,184.6372,0.7438
ogbn-products,dgl-1,1263,184.7822,0.7438
ogbn-products,dgl-1,1264,184.9270,0.7438
ogbn-products,dgl-1,1265,185.0723,0.7438
ogbn-products,dgl-1,1266,185.2171,0.7438
ogbn-products,dgl-1,1267,185.3620,0.7438
ogbn-products,dgl-1,1268,185.5068,0.7438
ogbn-products,dgl-1,1269,185.6516,0.7438
ogbn-products,dgl-1,1270,185.7969,0.7438
ogbn-products,dgl-1,1271,185.9416,0.7438
ogbn-products,dgl-1,1272,186.0866,0.7438
ogbn-products,dgl-1,1273,186.2313,0.7437
ogbn-products,dgl-1,1274,186.3768,0.7438
ogbn-products,dgl-1,1275,186.5215,0.7437
ogbn-products,dgl-1,1276,186.6663,0.7438
ogbn-products,dgl-1,1277,186.8111,0.7438
ogbn-products,dgl-1,1278,186.9563,0.7438
ogbn-products,dgl-1,1279,187.1020,0.7438
ogbn-products,dgl-1,1280,187.2470,0.7438
ogbn-products,dgl-1,1281,187.3919,0.7438
ogbn-products,dgl-1,1282,187.5368,0.7438
ogbn-products,dgl-1,1283,187.6816,0.7438
ogbn-products,dgl-1,1284,187.8265,0.7438
ogbn-products,dgl-1,1285,187.9716,0.7438
ogbn-products,dgl-1,1286,188.1164,0.7437
ogbn-products,dgl-1,1287,188.2616,0.7438
ogbn-products,dgl-1,1288,188.4063,0.7437
ogbn-products,dgl-1,1289,188.5516,0.7437
ogbn-products,dgl-1,1290,188.6968,0.7437
ogbn-products,dgl-1,1291,188.8417,0.7436
ogbn-products,dgl-1,1292,188.9870,0.7436
ogbn-products,dgl-1,1293,189.1317,0.7436
ogbn-products,dgl-1,1294,189.2768,0.7436
ogbn-products,dgl-1,1295,189.4217,0.7436
ogbn-products,dgl-1,1296,189.5666,0.7436
ogbn-products,dgl-1,1297,189.7119,0.7436
ogbn-products,dgl-1,1298,189.8566,0.7436
ogbn-products,dgl-1,1299,190.0016,0.7436
ogbn-products,dgl-1,1300,190.1465,0.7436
ogbn-products,dgl-1,1301,190.2912,0.7436
ogbn-products,dgl-1,1302,190.4360,0.7436
ogbn-products,dgl-1,1303,190.5814,0.7436
ogbn-products,dgl-1,1304,190.7267,0.7436
ogbn-products,dgl-1,1305,190.8715,0.7436
ogbn-products,dgl-1,1306,191.0169,0.7436
ogbn-products,dgl-1,1307,191.1618,0.7436
ogbn-products,dgl-1,1308,191.3066,0.7436
ogbn-products,dgl-1,1309,191.4515,0.7436
ogbn-products,dgl-1,1310,191.5966,0.7436
ogbn-products,dgl-1,1311,191.7413,0.7436
ogbn-products,dgl-1,1312,191.8859,0.7436
ogbn-products,dgl-1,1313,192.0308,0.7436
ogbn-products,dgl-1,1314,192.1760,0.7436
ogbn-products,dgl-1,1315,192.3215,0.7436
ogbn-products,dgl-1,1316,192.4666,0.7436
ogbn-products,dgl-1,1317,192.6114,0.7436
ogbn-products,dgl-1,1318,192.7562,0.7436
ogbn-products,dgl-1,1319,192.9012,0.7436
ogbn-products,dgl-1,1320,193.0465,0.7436
ogbn-products,dgl-1,1321,193.1919,0.7436
ogbn-products,dgl-1,1322,193.3370,0.7436
ogbn-products,dgl-1,1323,193.4822,0.7436
ogbn-products,dgl-1,1324,193.6274,0.7436
ogbn-products,dgl-1,1325,193.7721,0.7436
ogbn-products,dgl-1,1326,193.9173,0.7436
ogbn-products,dgl-1,1327,194.0623,0.7436
ogbn-products,dgl-1,1328,194.2076,0.7436
ogbn-products,dgl-1,1329,194.3528,0.7436
ogbn-products,dgl-1,1330,194.4981,0.7436
ogbn-products,dgl-1,1331,194.6429,0.7436
ogbn-products,dgl-1,1332,194.7882,0.7436
ogbn-products,dgl-1,1333,194.9332,0.7436
ogbn-products,dgl-1,1334,195.0779,0.7436
ogbn-products,dgl-1,1335,195.2230,0.7436
ogbn-products,dgl-1,1336,195.3679,0.7436
ogbn-products,dgl-1,1337,195.5126,0.7436
ogbn-products,dgl-1,1338,195.6580,0.7436
ogbn-products,dgl-1,1339,195.8033,0.7436
ogbn-products,dgl-1,1340,195.9487,0.7436
ogbn-products,dgl-1,1341,196.0934,0.7436
ogbn-products,dgl-1,1342,196.2387,0.7436
ogbn-products,dgl-1,1343,196.3835,0.7436
ogbn-products,dgl-1,1344,196.5283,0.7436
ogbn-products,dgl-1,1345,196.6734,0.7436
ogbn-products,dgl-1,1346,196.8180,0.7436
ogbn-products,dgl-1,1347,196.9628,0.7436
ogbn-products,dgl-1,1348,197.1075,0.7436
ogbn-products,dgl-1,1349,197.2524,0.7436
ogbn-products,dgl-1,1350,197.3972,0.7436
ogbn-products,dgl-1,1351,197.5421,0.7436
ogbn-products,dgl-1,1352,197.6874,0.7436
ogbn-products,dgl-1,1353,197.8328,0.7436
ogbn-products,dgl-1,1354,197.9776,0.7436
ogbn-products,dgl-1,1355,198.1229,0.7436
ogbn-products,dgl-1,1356,198.2683,0.7436
ogbn-products,dgl-1,1357,198.4133,0.7436
ogbn-products,dgl-1,1358,198.5582,0.7436
ogbn-products,dgl-1,1359,198.7031,0.7436
ogbn-products,dgl-1,1360,198.8480,0.7435
ogbn-products,dgl-1,1361,198.9930,0.7436
ogbn-products,dgl-1,1362,199.1377,0.7436
ogbn-products,dgl-1,1363,199.2828,0.7435
ogbn-products,dgl-1,1364,199.4280,0.7436
ogbn-products,dgl-1,1365,199.5736,0.7435
ogbn-products,dgl-1,1366,199.7187,0.7435
ogbn-products,dgl-1,1367,199.8640,0.7435
